{
  "privacy": {
    "closed_set_top1": 0.44,
    "closed_set_top5": 0.86,
    "tar_at_far": {},
    "verification_auc": 0.0,
    "verification_eer": 0.0,
    "adaptive_attacker_accuracy": 0.0,
    "adaptive_attacker_trained": true,
    "privacy_score": 0.56,
    "anonymizer_name": "k_same",
    "anonymizer_params": {
      "k": 2
    },
    "num_samples": 50
  },
  "expression": {
    "accuracy_original": 0.26,
    "accuracy_anonymized": 0.22,
    "accuracy_delta": -0.04000000000000001,
    "expression_consistency": 0.0,
    "expression_match_rate": 0.36,
    "per_class_recall_original": {
      "Angry": 0.4,
      "Disgust": 0.0,
      "Fear": 0.5,
      "Happy": 0.75,
      "Sad": 0.07142857142857142,
      "Surprise": 0.0,
      "Neutral": 0.0
    },
    "per_class_recall_anonymized": {
      "Angry": 0.5,
      "Disgust": 0.0,
      "Fear": 0.2,
      "Happy": 0.25,
      "Sad": 0.07142857142857142,
      "Surprise": 0.16666666666666666,
      "Neutral": 0.16666666666666666
    },
    "per_class_recall_delta": {
      "Angry": 0.09999999999999998,
      "Disgust": 0.0,
      "Fear": -0.3,
      "Happy": -0.5,
      "Sad": 0.0,
      "Surprise": 0.16666666666666666,
      "Neutral": 0.16666666666666666
    },
    "ece_original": 0.5513030129671097,
    "ece_anonymized": 0.5860747110843658,
    "cm_original": [
      [
        4,
        0,
        1,
        1,
        2,
        2,
        0
      ],
      [
        0,
        0,
        0,
        0,
        0,
        0,
        0
      ],
      [
        2,
        0,
        5,
        0,
        2,
        1,
        0
      ],
      [
        0,
        0,
        1,
        3,
        0,
        0,
        0
      ],
      [
        2,
        0,
        1,
        1,
        1,
        9,
        0
      ],
      [
        2,
        0,
        1,
        0,
        0,
        0,
        3
      ],
      [
        0,
        0,
        0,
        0,
        2,
        4,
        0
      ]
    ],
    "cm_anonymized": [
      [
        5,
        1,
        1,
        0,
        0,
        3,
        0
      ],
      [
        0,
        0,
        0,
        0,
        0,
        0,
        0
      ],
      [
        3,
        0,
        2,
        1,
        1,
        3,
        0
      ],
      [
        1,
        0,
        0,
        1,
        0,
        2,
        0
      ],
      [
        3,
        0,
        3,
        2,
        1,
        5,
        0
      ],
      [
        1,
        0,
        1,
        1,
        0,
        1,
        2
      ],
      [
        1,
        0,
        0,
        0,
        1,
        3,
        1
      ]
    ],
    "utility_score": 0.08800000000000001,
    "anonymizer_name": "k_same",
    "num_samples": 50
  },
  "realism": {
    "fid": -1.0,
    "lpips_mean": 0.31682896614074707,
    "lpips_std": 0.07333578914403915,
    "psnr_mean": 15.053984911566019,
    "psnr_std": 1.921665392037227,
    "ssim_mean": 0.683404301869187,
    "ssim_std": 0.07677100208529584,
    "anonymizer_name": "k_same",
    "num_samples": 50
  },
  "meta": {
    "anonymizer_name": "k_same",
    "anonymizer_params": {
      "k": 2
    },
    "num_samples": 50,
    "run_id": "k_same_k2",
    "timestamp": "2026-02-23 21:14:37"
  }
}